{"cameraMode":{"drawMode":0,"name":"Shaded","section":"Shading Mode"},"sceneLighting":false,"audioPlay":false,"sceneViewState":{"showFog":true,"showMaterialUpdate":false,"showSkybox":false,"showFlares":true,"showImageEffects":true,"showParticleSystems":true,"showVisualEffectGraphs":true,"m_FxEnabled":true},"in2DMode":false,"pivot":{"x":-0.008609592914581299,"y":0.699999988079071,"z":-0.003480970859527588},"rotation":{"x":-0.23331066966056825,"y":0.3566037118434906,"z":-0.09215717017650604,"w":-0.9001645445823669},"size":1.6654101610183716,"orthographic":true}