{"cameraMode":{"drawMode":0,"name":"Shaded","section":"Shading Mode"},"sceneLighting":true,"audioPlay":false,"sceneViewState":{"showFog":true,"showMaterialUpdate":false,"showSkybox":true,"showFlares":true,"showImageEffects":true,"showParticleSystems":true,"showVisualEffectGraphs":true,"m_FxEnabled":true},"in2DMode":false,"pivot":{"x":1.7679967880249024,"y":2.315207004547119,"z":-1.4400501251220704},"rotation":{"x":0.12090259790420532,"y":-0.7700784802436829,"z":0.15329866111278535,"w":0.6073404550552368},"size":3.1617698669433595,"orthographic":true}