{"cameraMode":{"drawMode":0,"name":"Shaded","section":"Shading Mode"},"sceneLighting":false,"audioPlay":false,"sceneViewState":{"showFog":true,"showMaterialUpdate":false,"showSkybox":false,"showFlares":true,"showImageEffects":true,"showParticleSystems":true,"showVisualEffectGraphs":true,"m_FxEnabled":true},"in2DMode":false,"pivot":{"x":0.7769070267677307,"y":0.009592531248927117,"z":-0.09713709354400635},"rotation":{"x":0.061535608023405078,"y":-0.2109740674495697,"z":0.013308914378285408,"w":0.9754635095596314},"size":3.7389049530029299,"orthographic":true}