{"cameraMode":{"drawMode":0,"name":"Shaded","section":"Shading Mode"},"sceneLighting":false,"audioPlay":false,"sceneViewState":{"showFog":true,"showMaterialUpdate":false,"showSkybox":false,"showFlares":true,"showImageEffects":true,"showParticleSystems":true,"showVisualEffectGraphs":true,"m_FxEnabled":true},"in2DMode":false,"pivot":{"x":-0.7597516775131226,"y":0.3854564428329468,"z":0.34297633171081545},"rotation":{"x":-0.03241918608546257,"y":0.9345625638961792,"z":-0.34315401315689089,"w":-0.08830084651708603},"size":1.713486909866333,"orthographic":true}