{"cameraMode":{"drawMode":0,"name":"Shaded","section":"Shading Mode"},"sceneLighting":false,"audioPlay":false,"sceneViewState":{"showFog":true,"showMaterialUpdate":false,"showSkybox":false,"showFlares":true,"showImageEffects":true,"showParticleSystems":true,"showVisualEffectGraphs":true,"m_FxEnabled":true},"in2DMode":false,"pivot":{"x":-0.09244143962860108,"y":5.353423118591309,"z":0.35939979553222659},"rotation":{"x":0.08404610306024552,"y":-0.8910182118415833,"z":0.18433275818824769,"w":0.40626588463783266},"size":2.296010732650757,"orthographic":true}