{"cameraMode":{"drawMode":0,"name":"Shaded","section":"Shading Mode"},"sceneLighting":false,"audioPlay":false,"sceneViewState":{"showFog":true,"showMaterialUpdate":false,"showSkybox":false,"showFlares":true,"showImageEffects":true,"showParticleSystems":true,"showVisualEffectGraphs":true,"m_FxEnabled":true},"in2DMode":false,"pivot":{"x":-0.0409885048866272,"y":-0.24719035625457765,"z":-0.019207417964935304},"rotation":{"x":0.08057081699371338,"y":-0.888070285320282,"z":0.4191715717315674,"w":0.17069967091083527},"size":9.653969764709473,"orthographic":false}