{"cameraMode":{"drawMode":0,"name":"Shaded","section":"Shading Mode"},"sceneLighting":false,"audioPlay":false,"sceneViewState":{"showFog":true,"showMaterialUpdate":false,"showSkybox":false,"showFlares":true,"showImageEffects":true,"showParticleSystems":true,"showVisualEffectGraphs":true,"m_FxEnabled":true},"in2DMode":false,"pivot":{"x":-0.29344475269317629,"y":3.8973989486694338,"z":1.3727917671203614},"rotation":{"x":0.038630735129117969,"y":-0.9082884192466736,"z":0.08608980476856232,"w":0.4075751006603241},"size":3.6334609985351564,"orthographic":true}