{"cameraMode":{"drawMode":0,"name":"Shaded","section":"Shading Mode"},"sceneLighting":false,"audioPlay":false,"sceneViewState":{"showFog":true,"showMaterialUpdate":false,"showSkybox":false,"showFlares":true,"showImageEffects":true,"showParticleSystems":true,"showVisualEffectGraphs":true,"m_FxEnabled":true},"in2DMode":false,"pivot":{"x":-0.0031669512391090395,"y":-0.08521575480699539,"z":0.22489404678344727},"rotation":{"x":0.35498085618019106,"y":-0.17654308676719666,"z":0.06845401227474213,"w":0.9154987335205078},"size":1.7292096614837647,"orthographic":true}