{"cameraMode":{"drawMode":0,"name":"Shaded","section":"Shading Mode"},"sceneLighting":false,"audioPlay":false,"sceneViewState":{"showFog":true,"showMaterialUpdate":false,"showSkybox":false,"showFlares":true,"showImageEffects":true,"showParticleSystems":true,"showVisualEffectGraphs":true,"m_FxEnabled":true},"in2DMode":false,"pivot":{"x":-0.07406695187091828,"y":0.1124069094657898,"z":0.005832105875015259},"rotation":{"x":-0.049450092017650607,"y":0.9472721219062805,"z":-0.26063618063926699,"w":-0.17972466349601746},"size":0.5745543241500855,"orthographic":true}