{"cameraMode":{"drawMode":0,"name":"Shaded","section":"Shading Mode"},"sceneLighting":false,"audioPlay":false,"sceneViewState":{"showFog":true,"showMaterialUpdate":false,"showSkybox":false,"showFlares":true,"showImageEffects":true,"showParticleSystems":true,"showVisualEffectGraphs":true,"m_FxEnabled":true},"in2DMode":false,"pivot":{"x":0.027011066675186158,"y":0.527610182762146,"z":0.11368036270141602},"rotation":{"x":0.3517739772796631,"y":-0.11611331254243851,"z":0.044023558497428897,"w":0.9278131723403931},"size":1.3330174684524537,"orthographic":true}